experiment_id,config_name,activated_class,benchmark_family,scale_label,query_name,query_group,run_phase,n_runs,n_success_runs,avg_latency_ms,median_latency_ms,p95_latency_ms,p99_latency_ms,min_latency_ms,max_latency_ms,std_latency_ms,avg_documents_returned,avg_documents_written
watchitem_g0_sf0.5,watchitem_g0,G0,root_local_family,sf0.5,QG6_EpisodesOfSeries,control,cold,10,10,1.435894300811924,1.314560002356302,2.001590147119713,2.222778833092889,1.1632320092758164,2.2780760045861825,0.31796131221801693,6381.4,0.0
watchitem_g0_sf0.5,watchitem_g0,G0,root_local_family,sf0.5,QG6_EpisodesOfSeries,control,hot,10,10,1.245297298009973,1.188230497064069,1.538760345283663,1.5619720616086852,1.045042008627206,1.5677749906899408,0.19171770062991023,6381.4,0.0
watchitem_g0_sf0.5,watchitem_g0,G0,root_local_family,sf0.5,QG10_AdvancedSearchWatchItems,primary,cold,10,10,182.5402126967674,139.00213499437086,366.6369066508195,389.1435173373611,32.669327993062325,394.7701700089965,116.49338096058676,9.9,0.0
watchitem_g0_sf0.5,watchitem_g0,G0,root_local_family,sf0.5,QG10_AdvancedSearchWatchItems,primary,hot,10,10,95.88260820019059,90.64651000517188,175.5520299506315,197.77311959231156,32.10720999049954,203.32839200273156,47.82066237923615,9.9,0.0
watchitem_g0_sf0.5,watchitem_g0,G0,root_local_family,sf0.5,QG1_WatchItemById,primary,cold,10,10,0.461869798891712,0.3610244966694154,0.9204398003930685,1.1462087668769527,0.260082000750117,1.2026510084979236,0.262580911482156,1.0,0.0
watchitem_g0_sf0.5,watchitem_g0,G0,root_local_family,sf0.5,QG1_WatchItemById,primary,hot,10,10,0.22524010273627937,0.20891050371574238,0.27036999599658884,0.2725731949612964,0.20078600209672004,0.2731239947024733,0.027963925349860873,1.0,0.0
watchitem_g0_sf0.5,watchitem_g0,G0,root_local_family,sf0.5,QG2_WatchItemByTitle,primary,cold,10,10,0.3691885998705402,0.37788349436596036,0.42795074696186924,0.44011334946844727,0.2558349951868877,0.44315400009509176,0.051004491367536535,10.3,0.0
watchitem_g0_sf0.5,watchitem_g0,G0,root_local_family,sf0.5,QG2_WatchItemByTitle,primary,hot,10,10,0.2778946000034921,0.2817195054376498,0.30657825263915583,0.3103420519619249,0.244423994445242,0.31128300179261714,0.020017338740892385,10.3,0.0
watchitem_g0_sf0.5,watchitem_g0,G0,root_local_family,sf0.5,QG3_RecommendationByGenreAndSubtype,primary,cold,10,10,14.136051503010094,8.885377006663475,34.026190904842224,34.65000538359163,0.8041590044740587,34.805959003278986,13.084222564991823,20.0,0.0
watchitem_g0_sf0.5,watchitem_g0,G0,root_local_family,sf0.5,QG3_RecommendationByGenreAndSubtype,primary,hot,10,10,3.5043301977566443,2.3316114966291934,7.950160656037042,8.005846536980243,0.67261399817653,8.019768007216044,2.839670826314046,20.0,0.0
watchitem_g0_sf0.5,watchitem_g0,G0,root_local_family,sf0.5,QG4_AllPersonsOfTypeForWatchItem,primary,cold,10,10,1.629405799030792,1.4778499971725978,2.6777293984196135,3.175309879879933,0.9853730007307604,3.2997050002450123,0.6213320839205764,8.3,0.0
watchitem_g0_sf0.5,watchitem_g0,G0,root_local_family,sf0.5,QG4_AllPersonsOfTypeForWatchItem,primary,hot,10,10,0.6676727993180975,0.6590804987354204,0.7023710924840998,0.7089526100025978,0.6494840054074302,0.7105979893822223,0.02011974072440519,8.3,0.0
watchitem_g0_sf0.5,watchitem_g0,G0,root_local_family,sf0.5,QG5_AllPersonsForEpisodesOfSeries,primary,cold,10,10,213.44111489888746,249.67946349352133,374.4998147987643,407.7467997636995,27.489363987115212,416.0585460049333,135.1078447722456,1029.5,0.0
watchitem_g0_sf0.5,watchitem_g0,G0,root_local_family,sf0.5,QG5_AllPersonsForEpisodesOfSeries,primary,hot,10,10,145.2584330996615,174.7266394959297,251.82748974766582,254.8573235492222,13.103375997161493,255.6147819996113,86.96653304831736,1029.5,0.0
watchitem_g0_sf0.5,watchitem_g0,G0,root_local_family,sf0.5,QG7_UpdateWatchItemMetadata,primary,cold,10,10,0.472082503256388,0.4269460041541606,0.7632150503923181,0.9002998089999892,0.33595300919841975,0.9345709986519068,0.16778157115591444,0.0,1.0
watchitem_g0_sf0.5,watchitem_g0,G0,root_local_family,sf0.5,QG7_UpdateWatchItemMetadata,primary,hot,10,10,0.3084595999098383,0.3091135004069656,0.3840257930278312,0.40848995427950285,0.23372098803520203,0.41460599459242076,0.05127380163803252,0.0,0.0
watchitem_g0_sf0.5,watchitem_g0,G0,root_local_family,sf0.5,QG8_AddPersonRoleToWatchItem,primary,cold,10,10,0.6822764975368045,0.4566334901028313,1.6596665525867116,2.390178913046839,0.44045899994671345,2.57280700316187,0.631130076950853,0.0,2.0
watchitem_g0_sf0.5,watchitem_g0,G0,root_local_family,sf0.5,QG8_AddPersonRoleToWatchItem,primary,hot,10,10,0.39043510041665286,0.3899450020981021,0.40146465034922585,0.4055625313776545,0.3740329993888736,0.4065870016347617,0.007893674828168154,0.0,2.0
watchitem_g0_sf0.5,watchitem_g0,G0,root_local_family,sf0.5,QG9_TopRatedSeriesByGenre,primary,cold,10,10,46.50265169766499,41.17113100073766,78.35055474060934,89.74771014109137,31.803773003048263,92.59699899121188,17.42728611207656,20.0,0.0
watchitem_g0_sf0.5,watchitem_g0,G0,root_local_family,sf0.5,QG9_TopRatedSeriesByGenre,primary,hot,10,10,46.63539549947018,41.075886998442,78.67758650172615,90.46576129985624,30.583885993110016,93.41280499938875,17.538677687349473,20.0,0.0
watchitem_g2_sf0.5,watchitem_g2,G2,root_local_family,sf0.5,QG6_EpisodesOfSeries,control,cold,10,10,1.2513870955444872,1.1582179940887727,1.775934297620551,1.9999644592462573,1.0219269897788763,2.0559719996526837,0.2961675286852185,6381.4,0.0
watchitem_g2_sf0.5,watchitem_g2,G2,root_local_family,sf0.5,QG6_EpisodesOfSeries,control,hot,10,10,1.1826255009509623,1.1466630021459423,1.3983451528474686,1.4490018342621624,1.0130180016858503,1.4616660046158358,0.1336878672758036,6381.4,0.0
watchitem_g2_sf0.5,watchitem_g2,G2,root_local_family,sf0.5,QG10_AdvancedSearchWatchItems,primary,cold,10,10,162.53221999795642,138.15099749626825,293.82625085054303,325.08918616731535,33.13411999261007,332.9049199965084,89.10976016648578,9.9,0.0
watchitem_g2_sf0.5,watchitem_g2,G2,root_local_family,sf0.5,QG10_AdvancedSearchWatchItems,primary,hot,10,10,97.81598510162439,92.67713149893098,179.3068608087196,201.61717536961078,32.074254006147385,207.19475400983356,48.94065907518956,9.9,0.0
watchitem_g2_sf0.5,watchitem_g2,G2,root_local_family,sf0.5,QG3_RecommendationByGenreAndSubtype,primary,cold,10,10,8.079332597844768,5.312362496624701,19.12277665178408,19.43910252666683,1.0094659955939278,19.518183995387517,7.120103602593385,20.0,0.0
watchitem_g2_sf0.5,watchitem_g2,G2,root_local_family,sf0.5,QG3_RecommendationByGenreAndSubtype,primary,hot,10,10,3.5467512003378943,2.319808001630008,8.157294002739945,8.32312439873931,0.5593679961748421,8.364581997739151,2.991641694630094,20.0,0.0
watchitem_g2_sf0.5,watchitem_g2,G2,root_local_family,sf0.5,QG9_TopRatedSeriesByGenre,primary,cold,10,10,67.34070290112868,53.02700649917824,106.05064885166938,108.56511456833687,38.59839800861664,109.19373099750374,27.873631383310972,20.0,0.0
watchitem_g2_sf0.5,watchitem_g2,G2,root_local_family,sf0.5,QG9_TopRatedSeriesByGenre,primary,hot,10,10,45.80347750161309,40.86137749982299,78.13642835462812,89.93004167728941,29.612769998493604,92.87844500795472,17.92615667824334,20.0,0.0
watchitem_g2_sf0.5,watchitem_g2,G2,root_local_family,sf0.5,QG1_WatchItemById,secondary_affected,cold,10,10,0.41189020121237263,0.32990250474540517,0.8385744084080207,1.128463687346084,0.2609270013635978,1.2009360070805997,0.2659427532027873,1.0,0.0
watchitem_g2_sf0.5,watchitem_g2,G2,root_local_family,sf0.5,QG1_WatchItemById,secondary_affected,hot,10,10,0.24100239679683,0.22288649051915854,0.28809139839722775,0.2952510786417406,0.20870000298600644,0.2970409987028688,0.031641914290361874,1.0,0.0
watchitem_g2_sf0.5,watchitem_g2,G2,root_local_family,sf0.5,QG2_WatchItemByTitle,secondary_affected,cold,10,10,0.3680151028675027,0.36860400723526254,0.4232902494550217,0.4313452531641815,0.2698230091482401,0.43335900409147143,0.04465401488170637,10.3,0.0
watchitem_g2_sf0.5,watchitem_g2,G2,root_local_family,sf0.5,QG2_WatchItemByTitle,secondary_affected,hot,10,10,0.29803939833072945,0.29240799631224945,0.37540429693763133,0.4080368638096843,0.25506599922664464,0.4161950055276975,0.044827631717566256,10.3,0.0
watchitem_g2_sf0.5,watchitem_g2,G2,root_local_family,sf0.5,QG4_AllPersonsOfTypeForWatchItem,secondary_affected,cold,10,10,0.7130469995900057,0.7042529978207313,0.7938140981423202,0.8205052158155013,0.6681009981548414,0.8271779952337965,0.044113320093450384,8.3,0.0
watchitem_g2_sf0.5,watchitem_g2,G2,root_local_family,sf0.5,QG4_AllPersonsOfTypeForWatchItem,secondary_affected,hot,10,10,0.6661339022684842,0.6644239983870648,0.6937993588508107,0.7002350784023292,0.6406799948308617,0.7018440082902089,0.015783399513150373,8.3,0.0
watchitem_g2_sf0.5,watchitem_g2,G2,root_local_family,sf0.5,QG5_AllPersonsForEpisodesOfSeries,secondary_affected,cold,10,10,142.78854590229457,175.10661800042726,242.78858060788477,256.1125593284669,13.111112988553941,259.4435540086124,84.00857992539808,1029.5,0.0
watchitem_g2_sf0.5,watchitem_g2,G2,root_local_family,sf0.5,QG5_AllPersonsForEpisodesOfSeries,secondary_affected,hot,10,10,146.99354820040753,180.7181340045645,234.3606941496546,238.06362282906775,26.655156994820572,238.98935499892104,81.88345593183526,1029.5,0.0
watchitem_g2_sf0.5,watchitem_g2,G2,root_local_family,sf0.5,QG7_UpdateWatchItemMetadata,secondary_affected,cold,10,10,0.4685705993324518,0.42171899985987693,0.6933180957275905,0.7960268201713916,0.37218099168967456,0.8217040012823418,0.13187844634109902,0.0,1.0
watchitem_g2_sf0.5,watchitem_g2,G2,root_local_family,sf0.5,QG7_UpdateWatchItemMetadata,secondary_affected,hot,10,10,0.24162060144590214,0.23132449859986082,0.28716045417240815,0.3077160920656752,0.22323599841911346,0.31285500153899193,0.025472645393763076,0.0,0.0
watchitem_g2_sf0.5,watchitem_g2,G2,root_local_family,sf0.5,QG8_AddPersonRoleToWatchItem,secondary_affected,cold,10,10,0.5082785981358029,0.4488339982344769,0.7710397490882309,0.9593575497274288,0.4409440007293597,1.006436999887228,0.1665555917339439,0.0,2.0
watchitem_g2_sf0.5,watchitem_g2,G2,root_local_family,sf0.5,QG8_AddPersonRoleToWatchItem,secondary_affected,hot,10,10,0.371913198614493,0.37089599209139124,0.3781997969781514,0.3784719626128208,0.3663460083771497,0.37854000402148813,0.00440801530724123,0.0,2.0
watchitem_g3_sf0.5,watchitem_g3,G3,root_local_family,sf0.5,QG10_AdvancedSearchWatchItems,primary,cold,10,10,161.25940159981837,133.87313099519815,296.39437790174264,323.34306998207467,32.391519998782314,330.08024300215766,90.3928421473453,9.9,0.0
watchitem_g3_sf0.5,watchitem_g3,G3,root_local_family,sf0.5,QG10_AdvancedSearchWatchItems,primary,hot,10,10,94.43370920344023,89.99158750521019,174.50707810276066,195.52523962323903,32.81891300866846,200.7797800033586,47.357330386699736,9.9,0.0
watchitem_g3_sf0.5,watchitem_g3,G3,root_local_family,sf0.5,QG3_RecommendationByGenreAndSubtype,primary,cold,10,10,13.933766797708813,8.883177004463505,33.1380679483118,33.53754159019445,1.8045460019493476,33.63741000066511,12.476849883669917,20.0,0.0
watchitem_g3_sf0.5,watchitem_g3,G3,root_local_family,sf0.5,QG3_RecommendationByGenreAndSubtype,primary,hot,10,10,3.512320001027547,2.262452500872314,8.168559445039136,8.314171883830568,0.6013990059727803,8.350574993528426,2.9513813036673087,20.0,0.0
watchitem_g3_sf0.5,watchitem_g3,G3,root_local_family,sf0.5,QG9_TopRatedSeriesByGenre,primary,cold,10,10,45.909370901063085,41.26382900722092,79.13362374965797,91.28860074648401,28.203312991536222,94.32734499569051,18.301639320471683,20.0,0.0
watchitem_g3_sf0.5,watchitem_g3,G3,root_local_family,sf0.5,QG9_TopRatedSeriesByGenre,primary,hot,10,10,45.6971313979011,41.348642502271105,78.16280029437618,90.16700965716154,29.56335199996829,93.16806199785788,17.99203900544751,20.0,0.0
watchitem_g3_sf0.5,watchitem_g3,G3,root_local_family,sf0.5,QG1_WatchItemById,secondary_affected,cold,10,10,0.4208354002912529,0.334119496983476,0.8001446039997966,1.0418673235108145,0.3063119947910309,1.1022980033885688,0.23032378662158173,1.0,0.0
watchitem_g3_sf0.5,watchitem_g3,G3,root_local_family,sf0.5,QG1_WatchItemById,secondary_affected,hot,10,10,0.21952270180918276,0.21375849610194564,0.2523988528992049,0.2693141726194881,0.2070560003630817,0.2735430025495589,0.01891853478370102,1.0,0.0
watchitem_g3_sf0.5,watchitem_g3,G3,root_local_family,sf0.5,QG2_WatchItemByTitle,secondary_affected,cold,10,10,0.3976097999839112,0.4013935031252913,0.4508366473601199,0.4669009314966388,0.36062700382899493,0.4709170025307685,0.03314605151298098,10.3,0.0
watchitem_g3_sf0.5,watchitem_g3,G3,root_local_family,sf0.5,QG2_WatchItemByTitle,secondary_affected,hot,10,10,0.2885209003579803,0.29565650038421154,0.3156246486469172,0.31854172906605527,0.2565660106483847,0.3192709991708398,0.02175839822477809,10.3,0.0
watchitem_g3_sf0.5,watchitem_g3,G3,root_local_family,sf0.5,QG4_AllPersonsOfTypeForWatchItem,secondary_affected,cold,10,10,0.7280681995325722,0.7045474994811229,0.8656627484015187,0.9399973528343253,0.6685550033580512,0.9585810039425269,0.07965198185972097,8.3,0.0
watchitem_g3_sf0.5,watchitem_g3,G3,root_local_family,sf0.5,QG4_AllPersonsOfTypeForWatchItem,secondary_affected,hot,10,10,0.6680080012301914,0.6626499962294474,0.7044561934890226,0.7107144367182627,0.6453310052165762,0.7122789975255728,0.019391309450627975,8.3,0.0
watchitem_g3_sf0.5,watchitem_g3,G3,root_local_family,sf0.5,QG5_AllPersonsForEpisodesOfSeries,secondary_affected,cold,10,10,143.3498052007053,176.667717503733,240.73786560184087,252.19856352399802,13.235692007583566,255.0637380045373,84.00782323758101,1029.5,0.0
watchitem_g3_sf0.5,watchitem_g3,G3,root_local_family,sf0.5,QG5_AllPersonsForEpisodesOfSeries,secondary_affected,hot,10,10,132.20034069818212,148.79610599018633,233.00877380024758,236.79846355938935,13.165188007405959,237.7458859991748,81.60804887470498,1029.5,0.0
watchitem_g3_sf0.5,watchitem_g3,G3,root_local_family,sf0.5,QG6_EpisodesOfSeries,secondary_affected,cold,10,10,1.313219299481716,1.2602670030901209,1.8091617530444633,1.959060356603004,1.0087609989568591,1.9965350074926391,0.282964914049797,6381.4,0.0
watchitem_g3_sf0.5,watchitem_g3,G3,root_local_family,sf0.5,QG6_EpisodesOfSeries,secondary_affected,hot,10,10,1.1510039024869911,1.1165880059706978,1.430058347614249,1.4905228668067139,0.9673450113041326,1.50563899660483,0.17221275792539995,6381.4,0.0
watchitem_g3_sf0.5,watchitem_g3,G3,root_local_family,sf0.5,QG7_UpdateWatchItemMetadata,secondary_affected,cold,10,10,0.2890907024266198,0.26314949354855344,0.3809581568930297,0.41593324043788016,0.24970801314339042,0.42467701132409275,0.05297156895019737,0.0,1.0
watchitem_g3_sf0.5,watchitem_g3,G3,root_local_family,sf0.5,QG7_UpdateWatchItemMetadata,secondary_affected,hot,10,10,0.22659329697489738,0.22572949819732457,0.2327337977476418,0.2344891568645835,0.22226398868951946,0.23492799664381891,0.00392065815295762,0.0,0.0
watchitem_g3_sf0.5,watchitem_g3,G3,root_local_family,sf0.5,QG8_AddPersonRoleToWatchItem,secondary_affected,cold,10,10,0.505141998291947,0.4499849965213798,0.7511410985898688,0.9180522152746563,0.42567199852783233,0.9597799944458529,0.15318770890412547,0.0,2.0
watchitem_g3_sf0.5,watchitem_g3,G3,root_local_family,sf0.5,QG8_AddPersonRoleToWatchItem,secondary_affected,hot,10,10,0.372834102017805,0.3725495043909177,0.3763414475542959,0.37669389086659066,0.36935800744686276,0.37678200169466436,0.0025306555970869495,0.0,2.0
watchitem_g4_sf0.5,watchitem_g4,G4,associative_family,sf0.5,QG6_EpisodesOfSeries,control,cold,10,10,1.27922440005932,1.1730264959624037,1.7917391996888903,1.9909358357836027,1.0337060084566474,2.0407349948072806,0.2870265753046557,6381.4,0.0
watchitem_g4_sf0.5,watchitem_g4,G4,associative_family,sf0.5,QG6_EpisodesOfSeries,control,hot,10,10,1.1270557006355375,1.1115419983980246,1.3977530994452534,1.462798616848886,0.9445960022276267,1.4790599961997941,0.1630146708114458,6381.4,0.0
watchitem_g4_sf0.5,watchitem_g4,G4,associative_family,sf0.5,QG4_AllPersonsOfTypeForWatchItem,primary,cold,10,10,0.7642254044185393,0.6760965043213218,1.2090903066564342,1.5068844694178551,0.6060160085326061,1.5813330101082101,0.2753713565750031,8.3,0.0
watchitem_g4_sf0.5,watchitem_g4,G4,associative_family,sf0.5,QG4_AllPersonsOfTypeForWatchItem,primary,hot,10,10,0.5788743001176044,0.5787464979221113,0.5963625932054128,0.5995853144850116,0.5620960000669584,0.6003909948049113,0.011140342102557902,8.3,0.0
watchitem_g4_sf0.5,watchitem_g4,G4,associative_family,sf0.5,QG5_AllPersonsForEpisodesOfSeries,primary,cold,10,10,117.56663709675195,127.18338599370327,190.06267604490853,204.01077200906002,28.839987004175782,207.49779600009788,57.531912318698105,1029.5,0.0
watchitem_g4_sf0.5,watchitem_g4,G4,associative_family,sf0.5,QG5_AllPersonsForEpisodesOfSeries,primary,hot,10,10,106.75897669862024,121.5812590016867,164.45552805307668,169.6272992125887,28.843787004007027,170.9202420024667,48.41344973125613,1029.5,0.0
watchitem_g4_sf0.5,watchitem_g4,G4,associative_family,sf0.5,QG8_AddPersonRoleToWatchItem,primary,cold,10,10,0.9390453007654287,0.7503865053877234,1.7335575546894677,2.105409116629744,0.721770993550308,2.1983720071148127,0.4385501224055998,0.0,2.0
watchitem_g4_sf0.5,watchitem_g4,G4,associative_family,sf0.5,QG8_AddPersonRoleToWatchItem,primary,hot,10,10,0.6366344008711167,0.6323569978121668,0.6573263533937279,0.6662100758694578,0.6232099985936657,0.6684310064883903,0.011991483410435103,0.0,2.0
watchitem_g4_sf0.5,watchitem_g4,G4,associative_family,sf0.5,QG10_AdvancedSearchWatchItems,secondary_affected,cold,10,10,172.7587957997457,137.93317700037733,357.09249634383,385.6686472633737,33.540873002493754,392.8126849932596,113.08370941361518,9.9,0.0
watchitem_g4_sf0.5,watchitem_g4,G4,associative_family,sf0.5,QG10_AdvancedSearchWatchItems,secondary_affected,hot,10,10,98.33095590292942,94.10423950612312,179.2329094590968,201.45089949917747,32.67201699782163,207.00539700919762,48.62849118531458,9.9,0.0
watchitem_g4_sf0.5,watchitem_g4,G4,associative_family,sf0.5,QG1_WatchItemById,secondary_affected,cold,10,10,0.35403000365477055,0.363611507054884,0.46593090009992,0.5126941822527442,0.2700199984246865,0.5243850027909502,0.07302187781766425,1.0,0.0
watchitem_g4_sf0.5,watchitem_g4,G4,associative_family,sf0.5,QG1_WatchItemById,secondary_affected,hot,10,10,0.27344660193193704,0.2702860001591034,0.314043495018268,0.3235222907096613,0.2359140053158626,0.32589198963250965,0.028394580741458328,1.0,0.0
watchitem_g4_sf0.5,watchitem_g4,G4,associative_family,sf0.5,QG2_WatchItemByTitle,secondary_affected,cold,10,10,0.41513729956932366,0.41330150270368904,0.5088182027975563,0.5260060443833936,0.3097500011790544,0.5303030047798529,0.0627932658904878,10.3,0.0
watchitem_g4_sf0.5,watchitem_g4,G4,associative_family,sf0.5,QG2_WatchItemByTitle,secondary_affected,hot,10,10,0.32424920063931495,0.32100550015456975,0.3934287968149874,0.41864895334583707,0.2659660094650462,0.4249539924785495,0.043367733252710663,10.3,0.0
watchitem_g4_sf0.5,watchitem_g4,G4,associative_family,sf0.5,QG3_RecommendationByGenreAndSubtype,secondary_affected,cold,10,10,14.687446497555356,9.381251504237298,35.9361906957929,36.277187733503524,0.8307179959956557,36.36243699293118,13.634340735801151,20.0,0.0
watchitem_g4_sf0.5,watchitem_g4,G4,associative_family,sf0.5,QG3_RecommendationByGenreAndSubtype,secondary_affected,hot,10,10,3.7103198003023863,2.2633504995610565,8.732928396784699,9.05018487770576,0.7016720046522096,9.129498997936025,3.132350817339494,20.0,0.0
watchitem_g4_sf0.5,watchitem_g4,G4,associative_family,sf0.5,QG7_UpdateWatchItemMetadata,secondary_affected,cold,10,10,0.3511842020088807,0.33491250360384583,0.4425914492458104,0.47238469356670976,0.28484599897637963,0.47983300464693457,0.05014116749499537,0.0,1.0
watchitem_g4_sf0.5,watchitem_g4,G4,associative_family,sf0.5,QG7_UpdateWatchItemMetadata,secondary_affected,hot,10,10,0.23648509959457442,0.23715700081083924,0.24469044874422252,0.2447404887061566,0.22563699167221785,0.24475299869664013,0.005643204084714818,0.0,0.0
watchitem_g4_sf0.5,watchitem_g4,G4,associative_family,sf0.5,QG9_TopRatedSeriesByGenre,secondary_affected,cold,10,10,47.3085662961239,42.2568469948601,80.81788159688581,93.27276271724259,29.47385999141261,96.38648299733177,18.513322790938854,20.0,0.0
watchitem_g4_sf0.5,watchitem_g4,G4,associative_family,sf0.5,QG9_TopRatedSeriesByGenre,secondary_affected,hot,10,10,47.659020096762106,41.88829749909928,80.57859294349325,92.73690498434007,31.874751002760604,95.77648299455177,18.05311943169069,20.0,0.0
watchitem_g5_sf0.5,watchitem_g5,G5,associative_family,sf0.5,QG6_EpisodesOfSeries,control,cold,10,10,1.2573935993714258,1.1422034949646331,1.7876156089187127,2.039187929040054,1.0078740015160292,2.102081009070389,0.3099655494460745,6381.4,0.0
watchitem_g5_sf0.5,watchitem_g5,G5,associative_family,sf0.5,QG6_EpisodesOfSeries,control,hot,10,10,1.0981379964505322,1.0388289956608787,1.4251947985030708,1.5252517559565604,0.9322249970864505,1.5502659953199327,0.18541263726315613,6381.4,0.0
watchitem_g5_sf0.5,watchitem_g5,G5,associative_family,sf0.5,QG4_AllPersonsOfTypeForWatchItem,primary,cold,10,10,0.4726176004623994,0.38305899943225086,0.8903778514650178,1.117720373586053,0.32420200295746326,1.1745560041163117,0.24074294545913977,43.1,0.0
watchitem_g5_sf0.5,watchitem_g5,G5,associative_family,sf0.5,QG4_AllPersonsOfTypeForWatchItem,primary,hot,10,10,0.32311160321114585,0.32332600676454604,0.33303385353065096,0.33384277528966777,0.30860400875099003,0.334045005729422,0.00798152794045159,43.1,0.0
watchitem_g5_sf0.5,watchitem_g5,G5,associative_family,sf0.5,QG5_AllPersonsForEpisodesOfSeries,primary,cold,10,10,124.00884569797199,138.05993100686464,214.3784862942993,230.94468765659258,28.94456598733086,235.08623799716588,67.74369441546833,39008.5,0.0
watchitem_g5_sf0.5,watchitem_g5,G5,associative_family,sf0.5,QG5_AllPersonsForEpisodesOfSeries,primary,hot,10,10,154.47266759874765,177.36059950402705,254.90721585010755,277.9906631722406,29.888703997130506,283.76152500277385,82.21422003500783,39008.5,0.0
watchitem_g5_sf0.5,watchitem_g5,G5,associative_family,sf0.5,QG8_AddPersonRoleToWatchItem,primary,cold,10,10,1.181960200483445,0.7567089996882714,3.061772094952172,4.329332814813825,0.7250850030686706,4.646222994779237,1.1602342051422558,0.0,2.0
watchitem_g5_sf0.5,watchitem_g5,G5,associative_family,sf0.5,QG8_AddPersonRoleToWatchItem,primary,hot,10,10,0.6430461988202296,0.6432074951590039,0.6544762545672711,0.6553096514835488,0.6324389978544787,0.6555180007126182,0.007485130168627907,0.0,2.0
watchitem_g5_sf0.5,watchitem_g5,G5,associative_family,sf0.5,QG10_AdvancedSearchWatchItems,secondary_affected,cold,10,10,163.03343889885582,123.04928850062424,354.4365608962834,380.30582897161366,33.58460799790919,386.7731459904462,104.49166102316039,9.9,0.0
watchitem_g5_sf0.5,watchitem_g5,G5,associative_family,sf0.5,QG10_AdvancedSearchWatchItems,secondary_affected,hot,10,10,85.38976319978246,71.10040049155941,181.80465050390916,205.01033330452628,27.385749999666587,210.81175400468055,54.20481890143796,9.9,0.0
watchitem_g5_sf0.5,watchitem_g5,G5,associative_family,sf0.5,QG1_WatchItemById,secondary_affected,cold,10,10,0.3778867976507172,0.3478499929769896,0.5341139512893277,0.5717731874028686,0.3027039929293096,0.5811879964312539,0.08174911030993266,1.0,0.0
watchitem_g5_sf0.5,watchitem_g5,G5,associative_family,sf0.5,QG1_WatchItemById,secondary_affected,hot,10,10,0.2523271003155969,0.24168650270439684,0.3026658028829843,0.305659567238763,0.2334710006834939,0.30640800832770765,0.025464022484780573,1.0,0.0
watchitem_g5_sf0.5,watchitem_g5,G5,associative_family,sf0.5,QG2_WatchItemByTitle,secondary_affected,cold,10,10,0.5164900998352095,0.4898749975836836,0.7263914027134887,0.755561483965721,0.31815200054552406,0.762854004278779,0.1269657922936311,10.3,0.0
watchitem_g5_sf0.5,watchitem_g5,G5,associative_family,sf0.5,QG2_WatchItemByTitle,secondary_affected,hot,10,10,0.35347939701750875,0.3459489962551743,0.45669719693250943,0.49900583806447685,0.2821340021910146,0.5095829983474687,0.06375513707231839,10.3,0.0
watchitem_g5_sf0.5,watchitem_g5,G5,associative_family,sf0.5,QG3_RecommendationByGenreAndSubtype,secondary_affected,cold,10,10,14.910531100758817,9.42706799833104,35.83131835403037,35.940634878497804,0.8214859990403056,35.96796400961466,13.8220445985551,20.0,0.0
watchitem_g5_sf0.5,watchitem_g5,G5,associative_family,sf0.5,QG3_RecommendationByGenreAndSubtype,secondary_affected,hot,10,10,3.5691202981979586,2.3093950003385544,8.130047941813245,8.140843979781494,0.7266739994520321,8.143542989273556,2.926588021203847,20.0,0.0
watchitem_g5_sf0.5,watchitem_g5,G5,associative_family,sf0.5,QG7_UpdateWatchItemMetadata,secondary_affected,cold,10,10,0.3999388965894468,0.3989799879491329,0.4743739991681649,0.5164651927771047,0.33227399399038404,0.5269879911793396,0.04902727640113083,0.0,1.0
watchitem_g5_sf0.5,watchitem_g5,G5,associative_family,sf0.5,QG7_UpdateWatchItemMetadata,secondary_affected,hot,10,10,0.23334309953497723,0.2295059966854751,0.2542997994169127,0.25544315911247395,0.22327499755192548,0.25572899903636426,0.010827187531549827,0.0,0.0
watchitem_g5_sf0.5,watchitem_g5,G5,associative_family,sf0.5,QG9_TopRatedSeriesByGenre,secondary_affected,cold,10,10,47.71748530038167,43.212089003645815,81.52764245169233,94.0076036984101,29.34424400154967,97.12759401008952,18.739965018763087,20.0,0.0
watchitem_g5_sf0.5,watchitem_g5,G5,associative_family,sf0.5,QG9_TopRatedSeriesByGenre,secondary_affected,hot,10,10,48.058928799582645,42.354363496997394,82.51809775174475,95.05044835023,30.8419880020665,98.1835359998513,18.971165004611503,20.0,0.0
watchitem_g6_sf0.5,watchitem_g6,G6,associative_family,sf0.5,QG6_EpisodesOfSeries,control,cold,10,10,1.2432882038410753,1.2079295047442429,1.7666184547124424,1.9734812894603238,0.9552880073897541,2.025196998147294,0.3095741434215438,6381.4,0.0
watchitem_g6_sf0.5,watchitem_g6,G6,associative_family,sf0.5,QG6_EpisodesOfSeries,control,hot,10,10,1.0760168996057473,1.0398900049040094,1.3139938499080015,1.3752683700295165,0.9473840036662295,1.3905870000598952,0.13991926717499453,6381.4,0.0
watchitem_g6_sf0.5,watchitem_g6,G6,associative_family,sf0.5,QG4_AllPersonsOfTypeForWatchItem,primary,cold,10,10,0.5031766995671205,0.4271784928278066,0.8922019522287875,1.1475747896474786,0.3574680013116449,1.2114179990021512,0.23987091993308682,43.1,0.0
watchitem_g6_sf0.5,watchitem_g6,G6,associative_family,sf0.5,QG4_AllPersonsOfTypeForWatchItem,primary,hot,10,10,0.34875739947892725,0.34751149360090494,0.3640449038357474,0.3656569847953506,0.3347220044815913,0.3660600050352514,0.009632537044425855,43.1,0.0
watchitem_g6_sf0.5,watchitem_g6,G6,associative_family,sf0.5,QG5_AllPersonsForEpisodesOfSeries,primary,cold,10,10,150.72360029880656,176.18882599344943,245.39918089867564,262.36716818180867,30.01735999714583,266.6091650025919,79.02108130839356,39008.5,0.0
watchitem_g6_sf0.5,watchitem_g6,G6,associative_family,sf0.5,QG5_AllPersonsForEpisodesOfSeries,primary,hot,10,10,174.54487990034977,199.11384000442922,269.4032963983773,272.1184768814419,29.565643999376334,272.79727200220805,88.73434479683416,39008.5,0.0
watchitem_g6_sf0.5,watchitem_g6,G6,associative_family,sf0.5,QG8_AddPersonRoleToWatchItem,primary,cold,10,10,0.968491702224128,0.7821769977454096,1.7900711100082831,2.261455828556791,0.7409679965348914,2.3793020081939176,0.47868601096392766,0.0,2.0
watchitem_g6_sf0.5,watchitem_g6,G6,associative_family,sf0.5,QG8_AddPersonRoleToWatchItem,primary,hot,10,10,0.6597521991352551,0.6591444980585948,0.6733352020091843,0.6734518414305057,0.6485790072474629,0.6734810012858361,0.008491838989172652,0.0,2.0
watchitem_g6_sf0.5,watchitem_g6,G6,associative_family,sf0.5,QG10_AdvancedSearchWatchItems,secondary_affected,cold,10,10,174.1745679973974,139.7125719959149,361.191255601443,391.72494792888756,33.998103986959904,399.35837101074867,107.76350464027607,9.9,0.0
watchitem_g6_sf0.5,watchitem_g6,G6,associative_family,sf0.5,QG10_AdvancedSearchWatchItems,secondary_affected,hot,10,10,100.02803809766192,95.41644099226687,182.97954980153003,205.76810996208224,33.19751399976667,211.46525000222027,49.42670314431597,9.9,0.0
watchitem_g6_sf0.5,watchitem_g6,G6,associative_family,sf0.5,QG1_WatchItemById,secondary_affected,cold,10,10,0.35124639834975824,0.3443895038799383,0.4792067978996782,0.533536555012688,0.26467599673196673,0.5471189942909405,0.07789655572717702,1.0,0.0
watchitem_g6_sf0.5,watchitem_g6,G6,associative_family,sf0.5,QG1_WatchItemById,secondary_affected,hot,10,10,0.24952599633252248,0.249395496211946,0.2622850384796038,0.26539939746726304,0.23414699535351247,0.26617798721417785,0.009578805159100015,1.0,0.0
watchitem_g6_sf0.5,watchitem_g6,G6,associative_family,sf0.5,QG2_WatchItemByTitle,secondary_affected,cold,10,10,0.478349401964806,0.45467200106941164,0.654819403280271,0.7311350862437394,0.3263079997850582,0.7502140069846064,0.11010435079804222,10.3,0.0
watchitem_g6_sf0.5,watchitem_g6,G6,associative_family,sf0.5,QG2_WatchItemByTitle,secondary_affected,hot,10,10,0.3789355978369713,0.3689679942908697,0.5028402003517839,0.5534504407842178,0.28580499929375947,0.5661030008923262,0.07547450428388545,10.3,0.0
watchitem_g6_sf0.5,watchitem_g6,G6,associative_family,sf0.5,QG3_RecommendationByGenreAndSubtype,secondary_affected,cold,10,10,15.583493298618123,9.868412496871315,37.25376315051108,37.29871023140731,0.8357490005437285,37.30994700163137,14.57677305506623,20.0,0.0
watchitem_g6_sf0.5,watchitem_g6,G6,associative_family,sf0.5,QG3_RecommendationByGenreAndSubtype,secondary_affected,hot,10,10,3.6306104986579157,2.2897504968568683,8.391238645708654,8.440221324854065,0.7221169944386929,8.452466994640417,3.028199375949867,20.0,0.0
watchitem_g6_sf0.5,watchitem_g6,G6,associative_family,sf0.5,QG7_UpdateWatchItemMetadata,secondary_affected,cold,10,10,0.41622969874879345,0.4205764998914674,0.5348943013814277,0.5585916704148985,0.2822310052579269,0.5645160126732662,0.0840678888723615,0.0,1.0
watchitem_g6_sf0.5,watchitem_g6,G6,associative_family,sf0.5,QG7_UpdateWatchItemMetadata,secondary_affected,hot,10,10,0.2300425010616891,0.22898849420016631,0.24184730209526606,0.24333986235433258,0.22108800476416945,0.2437130024190992,0.0069267564579799734,0.0,0.0
watchitem_g6_sf0.5,watchitem_g6,G6,associative_family,sf0.5,QG9_TopRatedSeriesByGenre,secondary_affected,cold,10,10,48.15131380310049,42.77750650362577,82.3798371988232,94.02004983829102,29.802771998220123,96.93010299815796,18.78032943231609,20.0,0.0
watchitem_g6_sf0.5,watchitem_g6,G6,associative_family,sf0.5,QG9_TopRatedSeriesByGenre,secondary_affected,hot,10,10,48.33815140009392,42.75401050108485,82.81573895073959,94.29268618754577,31.243325996911153,97.16192299674731,18.81369961384776,20.0,0.0
series_g7_sf0.5,series_g7,G7,containment_family,sf0.5,QG1_WatchItemById,control,cold,10,10,0.4582084991852753,0.3739949970622547,0.922749406163347,1.2071522894257214,0.2749190025497228,1.2782530102413148,0.28287226447271596,1.0,0.0
series_g7_sf0.5,series_g7,G7,containment_family,sf0.5,QG1_WatchItemById,control,hot,10,10,0.1827366038924083,0.1830059991334565,0.19242420967202634,0.19277844985481352,0.171357998624444,0.1928670099005103,0.0061913024960690375,1.0,0.0
series_g7_sf0.5,series_g7,G7,containment_family,sf0.5,QG2_WatchItemByTitle,control,cold,10,10,0.31821720040170476,0.30595949647249654,0.4131382505875081,0.42248924844898283,0.24373600899707526,0.4248269979143515,0.05829370946143512,10.3,0.0
series_g7_sf0.5,series_g7,G7,containment_family,sf0.5,QG2_WatchItemByTitle,control,hot,10,10,0.25001830072142184,0.2512955034035258,0.2852347490261309,0.2915365467197262,0.2254699938930571,0.293111996143125,0.02074718746610625,10.3,0.0
series_g7_sf0.5,series_g7,G7,containment_family,sf0.5,QG4_AllPersonsOfTypeForWatchItem,control,cold,10,10,0.6325641996227205,0.5799659920739941,0.8751225541345772,0.9987685130909085,0.5461639957502484,1.0296800028299913,0.13867472684832677,8.3,0.0
series_g7_sf0.5,series_g7,G7,containment_family,sf0.5,QG4_AllPersonsOfTypeForWatchItem,control,hot,10,10,0.5565324012422934,0.5461530017782934,0.6266590491577516,0.6544694128388073,0.5222170002525672,0.6614220037590712,0.03844876936764928,8.3,0.0
series_g7_sf0.5,series_g7,G7,containment_family,sf0.5,QG7_UpdateWatchItemMetadata,control,cold,10,10,0.26009790162788704,0.24245999520644546,0.3292782428616192,0.3304500381636899,0.2284520014654845,0.33074298698920757,0.037107285321464116,0.0,1.0
series_g7_sf0.5,series_g7,G7,containment_family,sf0.5,QG7_UpdateWatchItemMetadata,control,hot,10,10,0.21082759776618332,0.2094309966196306,0.21891824799240567,0.22024845078703947,0.20499099628068507,0.22058100148569793,0.004973944613035303,0.0,0.0
series_g7_sf0.5,series_g7,G7,containment_family,sf0.5,QG8_AddPersonRoleToWatchItem,control,cold,10,10,0.4244928975822404,0.38765399222029373,0.6039670945028771,0.7069710138603114,0.3651369916042313,0.7327219936996698,0.10547869791220245,0.0,2.0
series_g7_sf0.5,series_g7,G7,containment_family,sf0.5,QG8_AddPersonRoleToWatchItem,control,hot,10,10,0.3318741000839509,0.33509400236653164,0.3584647929528728,0.3652457526186481,0.3041179879801348,0.36694099253509194,0.017175706929420147,0.0,2.0
series_g7_sf0.5,series_g7,G7,containment_family,sf0.5,QG6_EpisodesOfSeries,primary,cold,10,10,0.8690279020811431,0.8517590031260625,1.0587352517177349,1.1411302504711784,0.7475689926650375,1.1617290001595393,0.11582294729307589,6381.4,0.0
series_g7_sf0.5,series_g7,G7,containment_family,sf0.5,QG6_EpisodesOfSeries,primary,hot,10,10,0.8317278028698638,0.8059660030994564,1.0162401005800346,1.0727680170384701,0.7248580077430233,1.086899996153079,0.106532307999298,6381.4,0.0
series_g7_sf0.5,series_g7,G7,containment_family,sf0.5,QG10_AdvancedSearchWatchItems,secondary_affected,cold,10,10,169.74695999670075,135.65821499651065,351.8842326433513,386.26412572019035,31.448533991351724,394.8590989894001,106.97294710630716,9.9,0.0
series_g7_sf0.5,series_g7,G7,containment_family,sf0.5,QG10_AdvancedSearchWatchItems,secondary_affected,hot,10,10,94.26617080171127,90.25474599911831,171.64141285902582,192.6996081773541,31.311525992350653,197.96415700693615,46.44785929726647,9.9,0.0
series_g7_sf0.5,series_g7,G7,containment_family,sf0.5,QG3_RecommendationByGenreAndSubtype,secondary_affected,cold,10,10,13.83078489889158,8.847550496284384,32.92639955325285,33.25047191494377,1.1476279905764386,33.331490005366504,12.54141138560103,20.0,0.0
series_g7_sf0.5,series_g7,G7,containment_family,sf0.5,QG3_RecommendationByGenreAndSubtype,secondary_affected,hot,10,10,3.395718496176414,2.206813500379212,7.70830589463003,7.7843155700247735,0.650246991426684,7.803317988873459,2.783674534118761,20.0,0.0
series_g7_sf0.5,series_g7,G7,containment_family,sf0.5,QG5_AllPersonsForEpisodesOfSeries,secondary_affected,cold,10,10,142.28240460070083,177.0237484961399,242.58637125385573,254.35924065488507,13.043521001236513,257.3024580051424,85.04684453571839,1029.5,0.0
series_g7_sf0.5,series_g7,G7,containment_family,sf0.5,QG5_AllPersonsForEpisodesOfSeries,secondary_affected,hot,10,10,142.14920430531492,180.2455835058936,231.39499785320365,237.36486597859766,14.33103100862354,238.85733300994616,79.56464540020754,1029.5,0.0
series_g7_sf0.5,series_g7,G7,containment_family,sf0.5,QG9_TopRatedSeriesByGenre,secondary_affected,cold,10,10,5.906605698692147,3.2194049927056767,18.413845798931998,24.33122196234763,1.0425890068290755,25.81056600320153,7.094674357129117,20.0,0.0
series_g7_sf0.5,series_g7,G7,containment_family,sf0.5,QG9_TopRatedSeriesByGenre,secondary_affected,hot,10,10,0.9056091992533766,0.618010999460239,2.054242697340668,2.451442936580861,0.3689779987325892,2.550742996390909,0.6374332716550233,20.0,0.0
series_g8_sf0.5,series_g8,G8,containment_family,sf0.5,QG1_WatchItemById,control,cold,10,10,0.3475769000942819,0.33163649641210213,0.5985864008835047,0.7483708795916756,0.22134000028017908,0.7858169992687181,0.15473685551217217,1.0,0.0
series_g8_sf0.5,series_g8,G8,containment_family,sf0.5,QG1_WatchItemById,control,hot,10,10,0.20827770058531314,0.20846850384259596,0.2171692409319803,0.2204578387318179,0.19965799583587795,0.2212799881817773,0.005954461653234946,1.0,0.0
series_g8_sf0.5,series_g8,G8,containment_family,sf0.5,QG2_WatchItemByTitle,control,cold,10,10,0.33129709772765636,0.3482354950392619,0.3817011041974183,0.38198982409085147,0.2562199952080846,0.38206200406420976,0.04315049101231065,10.3,0.0
series_g8_sf0.5,series_g8,G8,containment_family,sf0.5,QG2_WatchItemByTitle,control,hot,10,10,0.2797327993903309,0.2801454975269735,0.3159347972541582,0.3213189599046018,0.24841500271577388,0.3226650005672127,0.023280983485144575,10.3,0.0
series_g8_sf0.5,series_g8,G8,containment_family,sf0.5,QG4_AllPersonsOfTypeForWatchItem,control,cold,10,10,0.7160618028137833,0.7045879974612035,0.7905648584710433,0.8196121762739494,0.6732339970767498,0.826874005724676,0.041197383351960506,8.3,0.0
series_g8_sf0.5,series_g8,G8,containment_family,sf0.5,QG4_AllPersonsOfTypeForWatchItem,control,hot,10,10,0.664744597452227,0.6605949965887703,0.6923178480064962,0.6950491697352845,0.63831199076958,0.6957320001674816,0.01617910516942318,8.3,0.0
series_g8_sf0.5,series_g8,G8,containment_family,sf0.5,QG7_UpdateWatchItemMetadata,control,cold,10,10,0.2482144016539678,0.24085699988063425,0.28968225378775964,0.3093652569805272,0.2318780025234446,0.31428600777871907,0.023215697089927576,0.0,0.0
series_g8_sf0.5,series_g8,G8,containment_family,sf0.5,QG7_UpdateWatchItemMetadata,control,hot,10,10,0.23211219813674688,0.23267250071512535,0.23441729790647514,0.23449865999282338,0.22824200277682394,0.23451900051441044,0.00203903979465133,0.0,0.0
series_g8_sf0.5,series_g8,G8,containment_family,sf0.5,QG8_AddPersonRoleToWatchItem,control,cold,10,10,0.41117820073850453,0.39631599793210626,0.4777233472850639,0.5009422615694348,0.38623600266873837,0.5067469901405275,0.03576108668699694,0.0,2.0
series_g8_sf0.5,series_g8,G8,containment_family,sf0.5,QG8_AddPersonRoleToWatchItem,control,hot,10,10,0.37988110270816833,0.3798440011451021,0.3901334559486713,0.39329389968770556,0.36849899333901703,0.3940840106224641,0.006763497014762329,0.0,2.0
series_g8_sf0.5,series_g8,G8,containment_family,sf0.5,QG6_EpisodesOfSeries,primary,cold,10,10,3.020940699207131,2.668779998202808,4.84010385116562,5.782420770265162,2.3855159961385652,6.018000000040047,1.038335528571598,6381.4,0.0
series_g8_sf0.5,series_g8,G8,containment_family,sf0.5,QG6_EpisodesOfSeries,primary,hot,10,10,2.8228426977875642,2.6950274987029843,3.67521634325385,3.9930088678374887,2.424117992632091,4.072456998983398,0.47623538923106823,6381.4,0.0
series_g8_sf0.5,series_g8,G8,containment_family,sf0.5,QG10_AdvancedSearchWatchItems,secondary_affected,cold,10,10,94.12309199979063,89.05882499675499,171.62332894440618,193.1515409865824,31.12005299772136,198.53359399712645,46.37589756064995,9.9,0.0
series_g8_sf0.5,series_g8,G8,containment_family,sf0.5,QG10_AdvancedSearchWatchItems,secondary_affected,hot,10,10,93.90397609968204,90.09920599783072,171.69416285105393,192.87133816906135,31.397699000081047,198.16563199856319,46.59849187930074,9.9,0.0
series_g8_sf0.5,series_g8,G8,containment_family,sf0.5,QG3_RecommendationByGenreAndSubtype,secondary_affected,cold,10,10,3.6104219034314156,2.379876001214143,8.422275696648283,8.738727933960035,0.6877940031699836,8.817840993287973,2.9886399826567,20.0,0.0
series_g8_sf0.5,series_g8,G8,containment_family,sf0.5,QG3_RecommendationByGenreAndSubtype,secondary_affected,hot,10,10,3.3232820002012886,2.2348685015458614,7.588796650088624,7.755448933603475,0.5053189961472526,7.797112004482187,2.791404695130626,20.0,0.0
series_g8_sf0.5,series_g8,G8,containment_family,sf0.5,QG5_AllPersonsForEpisodesOfSeries,secondary_affected,cold,10,10,121.21292849915335,139.23480400262633,206.6937695009983,215.22332510416163,5.183240995393135,217.35571400495246,74.78394764788504,1029.5,0.0
series_g8_sf0.5,series_g8,G8,containment_family,sf0.5,QG5_AllPersonsForEpisodesOfSeries,secondary_affected,hot,10,10,131.3155180963804,165.19349299778696,230.684373396798,235.67471787973773,4.985295992810279,236.92230400047265,85.07322229888062,1029.5,0.0
series_g8_sf0.5,series_g8,G8,containment_family,sf0.5,QG9_TopRatedSeriesByGenre,secondary_affected,cold,10,10,3.703320099157281,2.2552575028385036,10.406354698352503,14.751322141382845,1.3969089923193678,15.837564002140425,4.132535889758001,20.0,0.0
series_g8_sf0.5,series_g8,G8,containment_family,sf0.5,QG9_TopRatedSeriesByGenre,secondary_affected,hot,10,10,1.7517422005767003,1.3960365031380206,3.894821542053248,4.81102190198726,0.8488519961247221,5.040071991970763,1.192392326945655,20.0,0.0
series_g9_sf0.5,series_g9,G9,containment_family,sf0.5,QG1_WatchItemById,control,cold,10,10,0.4004679009085521,0.36236450250726193,0.6276479027292222,0.7468215872358996,0.3014530084328726,0.7766150083625689,0.13287432388916637,1.0,0.0
series_g9_sf0.5,series_g9,G9,containment_family,sf0.5,QG1_WatchItemById,control,hot,10,10,0.22248499881243333,0.2070835034828633,0.2857987987226806,0.3057485559838824,0.19833499391097575,0.31073599529918283,0.03327653290865998,1.0,0.0
series_g9_sf0.5,series_g9,G9,containment_family,sf0.5,QG2_WatchItemByTitle,control,cold,10,10,0.3138719024718739,0.323986001603771,0.3488772075797897,0.3528602512960788,0.25694200303405523,0.35385601222515106,0.03131595637340616,10.3,0.0
series_g9_sf0.5,series_g9,G9,containment_family,sf0.5,QG2_WatchItemByTitle,control,hot,10,10,0.27330140001140535,0.2745199963101186,0.30538874852936715,0.3100921487202868,0.24520300212316215,0.3112679987680167,0.021712362647405108,10.3,0.0
series_g9_sf0.5,series_g9,G9,containment_family,sf0.5,QG4_AllPersonsOfTypeForWatchItem,control,cold,10,10,0.7099299968103878,0.6991205009398982,0.8036637431359849,0.837527145340573,0.6680359947495162,0.8459929958917201,0.05082337193689173,8.3,0.0
series_g9_sf0.5,series_g9,G9,containment_family,sf0.5,QG4_AllPersonsOfTypeForWatchItem,control,hot,10,10,0.6591966026462615,0.6530760074383579,0.6846689553640317,0.6902953969256487,0.6473249959526584,0.6917020073160529,0.013812276302442717,8.3,0.0
series_g9_sf0.5,series_g9,G9,containment_family,sf0.5,QG7_UpdateWatchItemMetadata,control,cold,10,10,0.24462270230287686,0.23730700195301324,0.27909920754609624,0.30020384438103065,0.2305879897903651,0.30548000358976424,0.020733306041532062,0.0,0.0
series_g9_sf0.5,series_g9,G9,containment_family,sf0.5,QG7_UpdateWatchItemMetadata,control,hot,10,10,0.23208670172607526,0.23240250447997823,0.23719070086372085,0.2375485400261823,0.2251390105811879,0.23763799981679767,0.003935876651094996,0.0,0.0
series_g9_sf0.5,series_g9,G9,containment_family,sf0.5,QG8_AddPersonRoleToWatchItem,control,cold,10,10,0.4536191016086377,0.42529249913059175,0.6197100490680894,0.7071724112029187,0.38468799903057516,0.729038001736626,0.09750047694899298,0.0,2.0
series_g9_sf0.5,series_g9,G9,containment_family,sf0.5,QG8_AddPersonRoleToWatchItem,control,hot,10,10,0.39729200216243044,0.3815460077021271,0.471886503510177,0.51836610538885,0.37554600567091256,0.5299860058585182,0.04482112773811154,0.0,2.0
series_g9_sf0.5,series_g9,G9,containment_family,sf0.5,QG6_EpisodesOfSeries,primary,cold,10,10,5.295738799031824,4.765989004226867,8.291939948685464,9.632071987725794,4.049667011713609,9.967104997485876,1.6835753237562283,6381.4,0.0
series_g9_sf0.5,series_g9,G9,containment_family,sf0.5,QG6_EpisodesOfSeries,primary,hot,10,10,5.055100102617871,4.8573360036243685,6.824525501724564,7.444715504097985,4.098802004591562,7.59976300469134,1.0343955449153068,6381.4,0.0
series_g9_sf0.5,series_g9,G9,containment_family,sf0.5,QG10_AdvancedSearchWatchItems,secondary_affected,cold,10,10,94.2620571993757,90.72767749603372,172.33176609879587,194.74810281331884,30.838837003102526,200.35218699194957,46.957893661395566,9.9,0.0
series_g9_sf0.5,series_g9,G9,containment_family,sf0.5,QG10_AdvancedSearchWatchItems,secondary_affected,hot,10,10,94.09073559800163,89.04092999728164,174.0994700994633,195.56609081701026,31.511388006038032,200.932745996397,47.394335493835996,9.9,0.0
series_g9_sf0.5,series_g9,G9,containment_family,sf0.5,QG3_RecommendationByGenreAndSubtype,secondary_affected,cold,10,10,3.668801697494928,2.423436497338116,8.474273449246537,8.799540289764991,0.7860399928176776,8.880856999894604,2.976396653569587,20.0,0.0
series_g9_sf0.5,series_g9,G9,containment_family,sf0.5,QG3_RecommendationByGenreAndSubtype,secondary_affected,hot,10,10,3.3379239044734277,2.255956002045423,7.5990279074176215,7.749679991684388,0.5726810049964115,7.78734301275108,2.7463427009089583,20.0,0.0
series_g9_sf0.5,series_g9,G9,containment_family,sf0.5,QG5_AllPersonsForEpisodesOfSeries,secondary_affected,cold,10,10,136.26860540098278,171.05438600265188,233.52858974685657,240.31009154365165,6.7545600031735376,242.00546699285042,84.22760327111908,1029.5,0.0
series_g9_sf0.5,series_g9,G9,containment_family,sf0.5,QG5_AllPersonsForEpisodesOfSeries,secondary_affected,hot,10,10,126.53382170246914,156.3211210013833,222.10756189961097,244.18079557610326,6.767547005438246,249.69910399522632,79.94322652639993,1029.5,0.0
series_g9_sf0.5,series_g9,G9,containment_family,sf0.5,QG9_TopRatedSeriesByGenre,secondary_affected,cold,10,10,4.03060369862942,2.4657864923938178,11.18768179658217,15.488708353805125,1.5143430064199492,16.563964993110858,4.287660721755603,20.0,0.0
series_g9_sf0.5,series_g9,G9,containment_family,sf0.5,QG9_TopRatedSeriesByGenre,secondary_affected,hot,10,10,1.9688158034114167,1.5675380054744892,4.259938604809573,5.353889322868781,1.0338730062358081,5.627377002383582,1.3025884956785196,20.0,0.0
